NAME,SUB_NAME,MEASURE
A614,4095.939543,1.508783051
A45,3312.024765,0.861654677
A617,4081.809542,1.339856108
A460,19421.68394,1.535570157
A535,4612.858448,1.210636451
A535,4051.573087,1.237111277
A615,4008.560664,1.447697989
A632,17144.77183,1.374277051
A171,3790.27726,1.19406773
A185,4088.563333,1.301125246
A368,17172.36573,1.07541474
A375,17183.3345,1.113453691
A537,4612.896667,1.256059364
A537,4051.633145,1.289708585
A538,4693.98584,0.902878473
A538,4046.686552,1.441745366
A539,17445.87516,1.343773005
A539,17145.05574,1.269442502
A540,17223.54058,1.273579285
A540,17136.8005,1.327957237
A597,3668.850975,1.521105725
A598,4345.41487,1.549380291
A599,3652.47153,1.511099999
A602,3693.589396,1.713776768
A603,3685.394214,1.619233475
A605,3685.405134,1.494706319
A613,4029.990438,1.396348949
A616,4030.787571,1.459929933
A618,4029.984978,1.319914819
A897,17136.52205,2.114544988
A902,17222.02275,1.400954703
A1110,4291.493737,1.069386192
A173,3828.594242,1.355458743
A174,3845.945534,1.324045185
A346,16860.56662,1.009155243
A356,17046.87734,1.191957476
A357,17043.4595,1.252050517
A358,17043.49226,1.324042237
A359,17004.80947,1.127652298
A365,17366.17824,1.101900272
A366,17172.38211,1.044398125
A367,17193.36418,1.043151051
A369,17199.89412,0.997001311
A373,17171.86343,1.135438551
A377,17162.10674,1.12336398
A378,17554.92405,1.166058876
A385,17410.67028,1.248398351
A386,17411.28724,1.32608155
A387,17301.27196,1.182078021
A462,19452.19884,1.983787867
A478,19385.93853,1.140067049
A536,4612.847529,0.873768468
A536,4046.681092,1.179043309
A596,3833.3825,1.432430581
A600,3668.250395,1.629951071
A601,3668.659881,1.758376273
A604,3680.240149,1.673375867
A606,3717.055681,1.505892563
A609,3845.732601,1.538629835
A611,4030.088715,1.398043591
A612,3840.103532,1.455818413
A63,18348.30069,1.422194807
A630,4936.980366,1.475891646
A65,18368.57298,1.959317481
A892,16995.14014,1.511133803
A894,17079.25951,1.403779626
A896,17095.68263,1.604651543
A899,17110.75172,1.47021156
A903,17218.43019,1.423727939
A986,19414.99566,2.340689512
A988,19415.06118,2.340652865
A1108,4291.482818,1.072147879
A1109,4291.346322,1.060579939
A163,3693.594856,1.331962968
A164,3728.488534,1.24091354
A172,3791.320085,1.336279231
A178,3865.737363,1.223532378
A187,4078.195145,1.336817443
A347,17003.48819,1.043540915
A348,16990.29728,1.037580395
A351,16990.66855,1.173800155
A352,17075.1974,1.21701339
A354,17022.58117,1.286982684
A370,17126.79265,1.112453404
A374,17183.06697,1.104698268
A376,17171.85251,1.255508432
A380,17162.20501,1.189750908
A388,17301.25558,1.164695273
A389,17301.22282,1.09723775
A390,17259.38426,1.029945367
A461,19452.18246,1.751851768
A472,19389.74402,1.858765643
A494,19565.16241,1.149369245
A497,19578.46798,0.984655874
A541,17410.74671,1.3153484
A587,3291.162812,1.704910232
A588,3291.157352,1.922858826
A607,3872.91702,1.51878955
A608,3872.955239,1.348064401
A614,16747.82144,1.694795378
A638,18282.64641,1.19227706
A67,18334.95144,1.385118145
A816,17501.82189,1.5336679
A839,19414.97928,2.025486213
A891,16979.25753,1.559199005
A893,17070.62754,1.282270213
A895,17096.75821,1.449334586
A898,17092.82169,1.356273997
A900,17079.44514,1.612416304
A904,17227.0294,1.586304366
A907,17226.98572,1.672098674
A912,17244.01488,1.925478344
A922,17641.48396,1.237355199
A938,18390.84902,1.746309698
A991,19420.77215,2.097670467
A992,19421.5256,1.872145912
A995,19633.08797,1.946059404
A1093,3872.660409,1.329119906
A1107,4280.601406,1.057582057
A144,3500.825168,1.185093906
A162,3721.499971,1.263579504
A169,3762.454043,1.457239403
A186,4086.073658,1.144579817
A349,16983.58171,0.925331594
A350,16990.32458,1.154236897
A353,17022.57025,1.25412324
A355,17043.50318,1.225034302
A360,17004.88045,0.979900925
A362,17005.06062,0.970188942
A364,16972.72214,0.969254561
A371,17171.69963,1.214252728
A379,17162.18864,1.146020869
A381,17441.9168,1.33095518
A383,17478.24641,1.3605323
A384,17392.33622,1.456576346
A392,17259.41156,1.19482899
A393,17758.61883,1.382393405
A396,17463.82703,1.154637555
A411,18314.2642,1.471959686
A412,18334.96782,2.002146925
A44,3268.155151,0.871054632
A471,19385.91123,1.65789819
A474,19389.815,1.637759821
A475,19389.83138,1.66837067
A476,19389.85867,1.672947021
A477,19380.32584,1.11684327
A484,19509.06282,1.079657984
A485,19509.07919,1.041545667
A487,19561.33508,1.202520956
A488,19551.39276,1.313333332
A495,19565.17879,1.222021277
A532,3825.427549,1.239180623
A533,3833.404339,1.47370975
A534,3745.610514,1.600346903
A534,3808.829712,1.430929957
A542,17634.44079,1.231491849
A557,18390.8381,1.41266223
A559,18556.49435,1.479942328
A560,18556.60355,1.379831855
A561,18788.60747,1.327129655
A592,3486.798903,1.463352645
A593,3465.522004,1.299901178
A594,3461.328866,1.255311313
A610,3861.189337,1.515169102
A780,19508.26568,1.097221775
A791,19596.90578,0.970464884
A818,17500.8009,1.436976404
A827,18093.55664,1.356304199
A901,17092.10099,1.362991462
A905,17218.44111,1.371688069
A906,17248.52469,1.447409156
A908,17247.94595,1.833212431
A909,17277.44533,1.896638802
A910,17244.22782,1.847420784
A911,17236.25649,1.629919078
A915,17248.24078,1.998313232
A916,17248.28992,1.978475953
A917,17248.31722,1.975479188
A920,17643.47679,1.217053552
A921,17640.82878,1.233529298
A932,18440.72443,1.35269352
A934,18438.28936,1.687192959
A935,18478.32618,1.592356265
A936,18438.30028,1.599575488
A937,18438.36033,1.82477086
A940,18562.32543,1.599017858
A942,18723.94688,1.795486207
A945,18723.75032,1.504600069
A1075,3728.444855,1.364631882
A1077,3746.292991,1.360073077
A1112,4008.615262,1.170031772
A1113,4005.459489,0.777132862
A1116,4024.972868,0.952909255
A1328,17007.65403,1.390614435
A145,3513.672113,1.027692341
A1458,18382.63746,1.208929395
A148,3531.012485,1.157647706
A155,3574.25968,1.507943491
A156,4073.264932,1.381987374
A161,3687.763774,1.210898585
A170,3791.325545,1.249496026
A175,3845.950994,1.12545177
A176,3866.605474,1.232900242
A177,3865.666386,1.19854113
A183,3985.039781,1.137825159
A338,4960.659584,1.024722465
A339,17329.77766,0.987129298
A344,16857.48728,1.145284835
A361,16972.71122,1.046790669
A363,16972.43822,0.970365725
A372,17273.97289,1.184640484
A382,17441.89496,1.189845274
A391,17301.23374,1.137728191
A394,17440.39351,1.108775752
A397,17459.80861,1.342272171
A410,18314.27512,1.625110867
A470,19346.97183,1.711132684
A473,19389.78224,1.68605285
A486,19508.89902,1.135557054
A491,19551.45828,1.215342228
A493,19561.4279,1.198655124
A498,19569.86878,1.143130536
A500,19578.43522,1.108491815
A501,19601.21357,1.149649602
A517,19712.66478,1.137378329
A519,19726.04132,1.095824805
A550,17813.73566,1.098627111
A558,18640.59734,1.400994885
A562,18789.97242,1.456643718
A563,18438.26752,1.367957508
A563,18653.29687,1.372635807
A564,18647.8589,1.091888872
A566,18657.70294,1.280442667
A582,19397.08747,2.258242414
A582,19530.76558,2.045931405
A583,19530.82018,2.265651792
A591,3462.158758,1.265010995
A595,3461.301567,1.185360473
A617,16748.40018,1.777858404
A627,4923.341748,1.586319543
A627,16903.16409,1.520137942
A642,18265.21322,1.130883978
A642,19338.53095,1.232072617
A643,18412.93944,1.400628309
A644,18556.99119,1.196906839
A66,18399.31174,1.592287604
A767,19374.44562,1.591153113
A771,19374.54935,1.441865354
A786,19600.64029,1.180250403
A789,19596.944,1.04339362
A817,17474.39178,1.475923835
A819,17463.31381,1.292524095
A820,17501.21039,1.273177318
A821,17631.21404,1.125527261
A822,17631.25226,1.215057457
A823,17643.45495,1.252703548
A824,17631.17036,1.231575805
A825,18066.74895,1.208944774
A826,18066.809,1.300535025
A828,18051.47784,1.231001605
A848,4410.435807,1.492042091
A913,17247.98963,1.440580145
A914,17236.32746,1.33876311
A918,17501.16125,2.091323614
A919,17708.97273,1.511879007
A923,17708.98365,1.328546089
A927,18061.4966,1.280776224
A930,18061.87333,1.505880858
A933,18440.74081,1.124326251
A939,18558.67282,1.646412251
A987,19597.01498,1.823862539
A993,19445.16114,1.77422158
A994,19445.17206,1.76706294
A1076,3733.697197,1.23781906
A1079,3733.402367,1.418526787
A1088,3858.989032,1.495202228
A1092,3872.62765,1.438667934
A1115,4005.42127,0.799362977
A1326,17011.38854,1.303209031
A1338,17110.97011,1.29241046
A142,3455.050079,0.963537747
A143,4030.765732,1.054581881
A1441,18141.09525,1.069477471
A1444,18141.33002,1.038385561
A1454,18146.40765,1.037509707
A1455,18382.7139,1.234035839
A1456,18382.69752,1.165798515
A1457,18382.67568,1.327222269
A146,3614.662311,0.903150874
A147,3513.677572,0.977553863
A149,3535.216543,1.039754732
A150,3636.51249,1.364481124
A151,3573.315132,1.257309745
A152,4072.516937,1.282996339
A157,3647.45396,1.387721105
A158,4073.270391,1.561512634
A159,3609.988709,1.358615484
A160,4054.657882,1.45953687
A165,3691.350872,1.193281146
A166,3697.771615,1.205247052
A167,3761.291102,1.153073121
A168,3763.032783,1.385220592
A179,3966.814919,1.181738774
A180,3948.726551,1.160711528
A182,3991.034658,1.141882359
A188,4154.146631,1.261891612
A189,4678.529103,1.330877025
A190,4168.325771,1.319920125
A191,4541.39493,1.243445954
A206,4280.579567,1.231805951
A207,4673.735386,1.293714163
A208,4289.833954,1.258601557
A209,4673.779064,1.259018996
A210,4290.620167,1.369755406
A211,4638.557798,1.326308384
A25,3720.517204,1.044566644
A335,4960.681423,0.962070294
A336,4960.675963,0.864548584
A342,4960.670503,0.912960812
A343,17329.87047,1.024781966
A345,16835.47877,1.018725388
A35,4026.512536,1.078663854
A37,4026.9657,0.925056456
A395,17758.75532,1.260348829
A407,18428.57089,1.126874505
A479,19497.66818,1.070566808
A489,19551.49104,1.19256899
A490,19565.1515,1.107242014
A492,19551.50196,1.173907525
A496,19565.18971,1.252462857
A502,19641.76908,1.218110801
A511,19712.59926,1.10938114
A513,19712.6211,1.111791669
A516,19700.87704,1.02386226
A518,19737.61613,1.083239161
A523,19737.63797,1.119949448
A525,19699.09714,1.002305871
A530,3461.246969,1.193562476
A531,3461.629156,1.20723487
A543,17890.60439,1.110970376
A543,17700.04593,1.211717285
A544,17884.38566,1.154313495
A544,17700.05685,1.124336223
A545,17890.62077,1.213086885
A545,17702.80314,1.199055773
A546,17884.40204,1.211010102
A546,17700.02955,1.169259158
A547,18153.74564,1.206250142
A547,17772.03905,1.218275214
A548,18153.76202,1.209717452
A548,17813.75204,1.162189436
A549,17813.87215,1.169313545
A552,18153.72926,1.23290821
A552,17813.76296,1.067515266
A553,18377.64173,1.333476114
A553,18030.55037,1.351456618
A554,18377.60897,1.321990202
A554,18030.43572,1.322139074
A556,18385.01794,1.042820642
A556,18017.79624,1.055319614
A565,18647.88074,1.027991575
A567,18647.25286,1.121707985
A585,3401.554811,1.861775481
A589,3293.161104,1.961171991
A590,3462.349851,1.218191913
A621,4636.515827,1.522383608
A621,16631.30352,1.630721224
A622,4648.412764,1.367447566
A622,16631.3199,1.313374354
A625,4923.28715,1.602755505
A625,16869.06209,1.553120995
A626,4923.336288,1.378822515
A626,16903.18047,1.453985563
A628,4932.43234,1.446411621
A628,16958.07891,1.329199181
A635,18407.07013,1.409144943
A635,18068.33229,1.439223437
A637,18407.03738,1.5378631
A637,18024.98682,1.501331489
A639,19088.12746,1.354419027
A640,18282.58089,1.12069376
A641,18285.48551,1.18339615
A652,18826.5641,1.60798605
A652,19167.31116,1.548055865
A69,18407.31583,1.146501255
A74,18439.70345,1.410235279
A75,18439.71983,1.516084453
A764,19374.18901,1.437729725
A765,19378.07093,1.688089336
A766,19374.4347,1.605086659
A774,19496.84921,1.634852642
A775,19561.29141,1.749659238
A778,19446.17121,1.156096396
A788,19596.88394,1.058828105
A796,19530.43253,1.086220975
A815,4960.905275,1.150310105
A829,18256.23183,1.299343038
A83,18653.23135,1.174785839
A830,18561.1079,1.108122266
A840,4417.828397,1.330324443
A846,4410.64874,1.326125625
A847,4410.64328,1.37511031
A851,4418.641909,1.133814986
A924,17765.37808,1.233258683
A924,17938.45421,1.193588279
A925,18026.58655,1.251377723
A925,17827.11221,1.138482
A926,18026.7285,1.140256428
A926,17824.16937,1.228196166
A928,18143.32831,1.360785905
A929,18061.88425,1.297539799
A931,18066.65613,1.382650417
A941,18647.97901,1.824700762
A944,18723.81584,1.646599444
A975,19135.84624,1.278031451
A989,19420.75577,2.253404457
A990,19446.04563,2.662923366
A996,19597.05865,1.723937975
A101,18679.57496,1.23604327
A97,18668.71539,1.27818273
A566,19250.89546,1.611016477
A100,18679.5968,1.183950917
A1017,4005.295695,1.379898895
A1058,3911.081127,2.010882928
A1078,3746.29845,1.223214978
A1083,3967.890502,1.165873855
A1089,3872.562132,1.292712075
A1091,3872.671328,1.375688704
A1098,4187.484262,1.396635271
A1106,4280.590487,0.980661552
A1111,4008.598883,1.241824716
A1117,4024.978328,0.812825504
A1119,4421.797682,0.870361629
A1128,4203.847327,0.750264541
A1129,4731.953393,0.706097501
A132,3432.724895,0.885570173
A133,4030.536419,1.007841387
A1334,17099.49904,1.479270602
A1337,17110.8227,1.376151845
A1339,17066.34704,1.238949791
A134,3454.957262,1.014334859
A1340,17062.39414,1.190833386
A1343,17133.81398,1.118791312
A135,4030.760272,1.115410119
A136,3432.730355,1.110262154
A1362,17347.70223,1.17840096
A137,4077.878475,1.044509754
A1370,17145.24683,1.156500765
A138,3454.231107,0.951134946
A139,4073.434186,1.111981491
A1443,18141.30818,1.066278216
A1446,18141.34094,1.079744602
A1449,18079.50307,1.030298099
A1459,18382.64838,1.114343267
A1460,18382.62654,1.11114348
A1461,18382.61016,1.051576808
A153,3638.669117,1.272278794
A154,4077.916694,1.285397872
A181,3991.345867,1.134861712
A184,4029.810264,1.317616047
A192,4172.906555,1.214064036
A193,4545.80646,1.087194207
A194,4168.287552,1.167530037
A195,4541.640622,1.13208388
A196,4173.561733,1.241397472
A197,4549.382639,1.087714609
A198,4175.991351,1.183495741
A199,4619.01166,1.312269702
A200,4262.141772,1.215476113
A201,4641.850066,1.33732516
A214,4309.936992,1.129528545
A215,4701.04538,1.225227319
A22,2923.864677,0.977271523
A226,4405.893241,1.012405417
A227,4877.490222,0.943865859
A26,3700.506982,1.736290227
A289,4878.538506,1.098436569
A290,17021.11248,0.980146365
A313,4877.572119,1.165466165
A314,17076.34396,1.240256667
A315,4923.658417,1.192794377
A316,17076.3931,1.310707498
A331,4959.720496,1.324515824
A332,4949.991105,1.111735085
A336,17102.11429,1.605042665
A337,17107.77612,1.408826475
A337,4960.76878,0.860491478
A340,4960.665044,0.88615662
A341,17329.83771,0.888975983
A36,4026.97662,0.929817115
A370,17103.10252,1.512637872
A415,18640.81027,1.207353695
A416,18640.82119,1.297788471
A417,18640.85395,1.286313205
A418,18653.89199,1.207117563
A419,18862.92647,1.414994304
A444,19082.71678,1.347226911
A446,19078.15238,1.598254889
A463,19347.10286,1.759202253
A464,19346.93907,1.935487132
A466,19346.98275,1.76196663
A467,19347.33218,1.795717292
A468,19352.47532,1.711717675
A469,19346.90085,1.694026536
A480,19497.6791,0.991313429
A481,19515.23787,1.016772336
A482,19515.27063,1.012575788
A483,19508.90994,1.056709789
A499,19578.45706,1.210259036
A503,19614.06598,1.28652856
A504,19606.65155,1.176680504
A507,19624.80543,1.067928336
A510,19679.39266,1.116326052
A512,19712.61018,0.908996634
A514,19712.63202,1.081216333
A520,19726.05224,1.02082829
A522,19737.62705,0.896016337
A524,19737.64889,1.063005454
A551,18153.68558,1.233071511
A551,17813.89399,1.287515316
A555,18384.9688,1.054869495
A555,18030.11359,1.033304271
A584,3293.172024,1.924111699
A586,3293.177484,1.768094148
A619,4633.578446,1.679458819
A619,16631.68571,1.764885919
A624,4648.418224,1.278165963
A624,16699.33828,1.136765254
A629,4934.294137,1.337874751
A629,17009.56497,1.34441365
A636,18407.05376,1.422634884
A636,18068.15212,1.410196248
A64,18448.91962,1.581108679
A68,18406.34398,1.546802668
A683,18428.46169,0.964202252
A73,18433.37006,1.272449285
A743,19135.43676,1.095096785
A76,18455.68979,1.855240692
A760,19333.33867,1.75648587
A769,19444.92091,1.595001835
A77,18505.79997,1.661759178
A776,19508.17287,1.583604633
A78,18462.37806,1.716708554
A787,19596.87302,1.136143576
A79,18501.60137,1.470559043
A792,19530.61817,1.027587464
A808,3293.166564,1.957052796
A809,3647.42666,1.266012004
A813,4959.715036,1.264676861
A814,4944.689625,1.050880455
A82,18591.67194,1.144308182
A84,18591.65556,1.161701479
A841,4417.915754,1.353306685
A842,4417.893914,1.414580986
A843,4417.697361,1.274147069
A844,4419.444502,1.484552438
A849,4446.022881,1.255927773
A85,18587.0311,1.145987892
A853,4524.518642,1.108289515
A854,4539.576811,1.189953937
A855,4523.202826,1.192609358
A861,4775.178748,1.374080369
A862,4745.226203,1.358565982
A863,4747.033402,1.267238855
A867,4832.168297,1.123392359
A867,17850.8351,1.172064875
A876,4934.365115,1.226750366
A877,4922.653812,1.336335501
A878,4932.421421,1.322913296
A879,4959.960727,1.321931799
A880,16834.85089,1.136014692
A881,4944.684165,1.047712482
A883,4947.77442,1.121948513
A89,18604.09302,1.330274288
A90,18604.1094,1.334621906
A90,19050.7441,1.272421505
A91,18623.03858,1.18314361
A92,18626.23803,1.627420096
A93,18628.9461,1.142180699
A94,18633.16107,1.280406876
A943,18723.84314,1.581432245
A946,18776.55766,1.439510445
A95,18660.54751,1.19812575
A950,18826.55318,1.325512924
A966,19130.77407,1.216476966
A974,19135.83532,1.647311281
A976,19140.18679,1.463737495
A99,18671.38524,1.127707765
A1033,3360.819132,0.8235757
A1059,3986.874279,1.080646378
A1062,3573.189556,1.363896712
A1064,3573.031221,1.342078015
A1065,3570.077461,1.370928224
A1066,3570.093841,1.311295825
A1073,3905.599473,1.304597934
A1074,3728.466695,1.37967304
A108,3464.675733,0.841501223
A108,2927.9104,1.163502042
A1082,3966.7767,1.143626002
A1084,4002.735041,1.196256663
A1086,3956.413971,1.131342932
A1090,3872.709547,1.39410305
A1100,4211.556586,1.290161056
A111,2920.992814,1.210458184
A1114,4005.503168,0.834458789
A1126,4203.901925,0.735123236
A1127,4747.464728,0.732682357
A113,3464.708492,1.233188165
A1141,4337.44354,1.085779546
A1142,4890.069636,1.187385604
A1183,4611.280562,0.689945232
A1184,17011.73251,1.022356781
A127,3394.828319,1.136455773
A128,3381.031367,1.127327624
A1288,4932.317684,0.982600131
A129,3394.82286,1.169940115
A130,3391.246681,1.089035085
A1306,16883.94008,0.899669162
A1309,17099.30249,1.078575678
A131,3382.445459,1.118378206
A1312,17099.17691,1.323869671
A1313,17101.55739,1.325096462
A1329,17007.97616,1.203114577
A1330,17005.35545,1.375983225
A1332,17110.92643,1.27741282
A1333,17100.97865,1.399250338
A1335,17122.47394,1.412565704
A1336,17099.40622,1.358700143
A1341,17093.00186,1.320683698
A1342,17092.98002,1.163074515
A1354,17301.41392,1.179319136
A1355,17301.403,1.254642389
A1368,17134.2726,1.080948691
A1369,17138.83701,1.190262507
A140,3436.486708,1.015177078
A141,4077.894855,0.971925026
A1422,17924.31875,1.132594796
A1438,18009.0387,0.908006802
A1439,18009.10422,0.929667814
A1442,18141.28088,1.171391293
A1445,18141.3191,0.957636297
A1447,18079.54675,1.121041031
A1448,18079.52491,1.145050357
A19,3700.430545,1.287292019
A204,4280.339335,1.189910703
A205,4632.835912,1.170976078
A21,2923.853758,0.774933113
A212,4294.775086,1.20504784
A213,4711.959551,1.193693828
A216,4298.449542,1.510031084
A217,4715.415613,1.425963099
A218,4298.455001,1.357582391
A219,4736.157451,1.282042502
A220,4309.238136,1.122075529
A221,4711.96501,1.206978233
A222,4309.259975,1.374153824
A223,4711.97047,1.442264038
A224,4386.887625,1.003176047
A225,4731.860576,1.180159999
A240,4736.244808,1.262689336
A27,3719.665473,0.819083271
A287,4878.533046,0.987243432
A288,17031.48066,0.99691522
A291,4879.341099,1.017823071
A292,17011.78711,1.146846614
A301,4844.092533,1.169280725
A302,17022.16076,1.071970461
A329,4949.941967,1.335360589
A333,16892.06429,1.42349527
A333,4946.404007,1.298308167
A334,4946.382168,1.100075432
A335,17102.09791,1.471212913
A34,3732.534257,0.774991041
A347,17208.67896,1.685996554
A348,17208.65712,1.850725611
A354,17219.44572,1.359817361
A398,17949.11177,1.066531089
A399,17949.18275,1.213945826
A413,18640.78298,1.453693786
A414,18640.79936,1.390677632
A430,19045.28429,1.230323017
A443,19080.16705,1.371981328
A445,19078.12508,1.47808343
A448,19113.04605,1.567353718
A449,19113.05697,1.288081501
A465,19346.88447,1.634206718
A505,19671.51415,1.040143807
A506,19671.52507,1.070616365
A508,19641.79638,1.002412397
A509,19700.83336,1.066151617
A515,19700.86612,0.95263637
A521,19726.06316,0.948805814
A568,18723.9032,1.177583987
A573,19092.79014,1.265294755
A578,19397.03287,1.094529058
A578,19160.80852,1.119506325
A579,19532.611,1.159851338
A579,19177.65204,1.177471494
A580,19532.64922,1.230545922
A580,19160.74846,1.127871033
A581,19388.08423,1.444628957
A581,19278.0089,1.45132915
A599,4244.855998,1.749311741
A631,17117.21068,1.116510829
A634,17702.79222,1.81276658
A651,18772.06969,1.511766408
A653,19539.63778,1.448267486
A653,19160.76484,1.416608435
A654,19550.26258,1.6336958
A654,19201.28758,1.476948189
A655,19599.26988,1.458483558
A655,19278.01982,1.391071453
A657,18150.58987,1.060654861
A661,18150.68268,0.982480085
A676,18324.93268,1.216341823
A678,18385.20358,1.133240273
A680,18397.53184,0.94345325
A686,18397.57552,1.43403912
A70,18423.89728,1.262861842
A71,18423.86453,1.611711456
A729,19087.10101,1.458752788
A730,19087.20475,1.441940026
A731,19087.40676,1.429224512
A748,19157.19412,1.247548236
A755,19199.08728,1.46409871
A756,19199.05998,1.393704654
A758,19345.06635,1.006634769
A759,19379.71434,1.834431763
A762,19322.18427,1.750064807
A768,19374.45654,1.620732542
A777,19439.55391,0.944184877
A781,19508.18379,1.104901245
A790,19578.41885,1.033946102
A794,19530.51443,1.059439392
A795,19530.49259,1.106410589
A80,18501.53585,1.262297034
A805,19632.72763,1.01307072
A81,18545.24713,1.089333386
A812,17011.19745,1.000986468
A832,19050.9898,1.365511525
A834,19056.73352,1.22235259
A835,19056.74444,1.242267438
A836,19056.75536,1.278966285
A845,4450.357974,1.198051589
A850,4418.543632,1.127945082
A852,4529.8911,1.313681854
A858,4702.159183,1.377012807
A859,4923.418186,1.33874158
A86,18587.01472,1.269657285
A860,4703.469538,1.444760313
A864,4835.591601,1.17880001
A865,17865.11252,1.069223701
A866,4832.157378,1.105774545
A866,17857.74723,1.075886457
A87,18591.68832,1.388973706
A870,4835.575222,1.051336803
A871,17857.79091,1.156811829
A874,4934.359655,1.41992807
A875,17864.20619,1.594182582
A88,18604.12578,1.253347783
A882,4946.414926,1.099701815
A884,4959.709576,0.958638713
A885,17850.84602,1.100141529
A886,16829.88246,1.263980826
A887,16834.86181,1.19908122
A889,17121.75325,1.293741854
A947,18776.57949,1.365698076
A948,18919.70854,1.597626857
A949,18841.84066,1.201631776
A951,18841.85158,1.223669943
A952,18919.69217,1.246141914
A953,18841.8625,1.205271405
A956,18925.01548,1.235623808
A957,19044.01215,1.666235469
A96,18668.69901,1.118726908
A964,19044.06675,1.448424612
A967,19135.86808,1.356680545
A968,19135.45859,1.661731555
A969,19135.56779,1.834863384
A970,19135.59509,1.734873268
A971,19153.30673,1.595777532
A972,19135.61693,1.429525663
A973,19135.75888,1.224896311
A977,19140.20317,1.268419474
A978,19135.85716,1.490310524
A980,19160.7976,1.536138482
A982,19177.63021,1.416563992
A98,18668.73177,1.16677473
A1008,3113.696985,0.790981293
A1010,3114.499578,0.735352632
A1020,3007.563641,1.128622332
A1032,3357.232033,0.818956075
A1034,3346.809246,0.75322896
A1036,3330.331525,1.481993652
A1061,4003.182746,1.064137158
A1063,3573.025761,1.322586477
A1067,3574.199622,1.480311631
A1070,3910.97739,1.498228411
A1087,3993.32232,1.06652835
A1103,4453.14248,1.0419136
A1104,4453.13156,1.020626319
A112,2922.565241,1.170947891
A1120,4242.824946,0.855333541
A1121,4804.732727,0.86670692
A1122,4216.224728,0.734541742
A1123,4736.299406,0.766955482
A113,2926.223317,1.129228376
A1169,4083.272773,1.055517543
A1189,4758.111367,0.879093889
A119,2966.849801,1.229057145
A1190,17018.27337,0.936320416
A1220,4711.255234,1.047994914
A1221,17078.24398,1.045205433
A1245,4889.032271,1.21451502
A1246,17480.58321,1.300408544
A1259,4897.975448,1.157439438
A126,3364.504507,1.082519448
A1260,4897.964528,1.102329982
A1272,4877.757753,1.087053903
A1273,17220.97446,0.996142577
A1282,4898.303037,1.29791634
A1286,4932.306764,0.892672239
A1287,4925.416478,0.931880854
A1292,4948.65891,1.208167259
A1292,17380.40106,1.277617645
A1293,4936.336108,1.275313732
A1294,17385.24392,1.12812085
A1295,4936.314269,0.860437248
A1296,17400.5314,1.382044544
A1297,4936.308809,1.390162322
A1298,17385.27668,1.209623635
A1301,4937.952213,1.344851623
A1302,17385.06374,1.413968712
A1304,4938.449056,1.581005259
A1305,17385.1238,1.473073078
A1307,17099.33525,1.176914325
A1308,17099.38438,1.130578396
A1310,17092.95818,1.123876517
A1311,17099.19875,1.176674949
A1318,17170.766,1.251285959
A1319,17183.61295,1.072011865
A1327,17008.94255,1.324512665
A1331,17007.14627,1.342686052
A1352,17293.37161,1.243055418
A1353,17301.44122,1.176603931
A1357,17294.64921,1.212817743
A1359,17353.20572,1.238311166
A1361,17347.68039,1.320097652
A1365,17363.99432,1.304467734
A1366,17363.25724,1.266709928
A1423,17924.32967,1.051131227
A1424,17937.90277,1.063453661
A1437,18009.12606,1.04189322
A1451,18080.56774,0.990539344
A1452,18080.51314,1.063754925
A1463,18143.7651,0.975992245
A20,3700.381406,1.36361121
A202,4262.147232,1.304987261
A203,4632.410046,1.223706557
A230,4539.511294,1.101530175
A231,17075.3612,0.978116797
A232,4416.441604,1.071091108
A233,4875.956014,0.946041765
A236,4556.709711,1.236794473
A237,4889.998658,1.209072701
A238,4740.836512,1.327550396
A239,4736.239348,1.239773265
A278,4936.87117,1.076180623
A279,4923.652958,1.442124851
A281,4871.686438,1.226624976
A282,17034.81115,1.23376806
A283,4876.704008,1.103300587
A284,17007.61035,1.051618192
A285,4869.447914,1.131186991
A286,17011.79803,1.162295557
A299,4843.61207,1.037740422
A300,17007.47932,1.095032217
A303,4846.276459,1.015485492
A304,17064.73094,1.057721185
A305,4897.211074,1.202615358
A306,17090.89983,1.238007535
A311,4923.532842,1.160849796
A312,17078.2003,1.273177517
A317,4937.897615,0.793724125
A318,17247.96779,0.868969847
A327,4937.406232,0.946907331
A328,17253.03996,0.986391137
A350,17212.97037,1.828749148
A376,17322.54886,1.567329146
A38,4029.64101,1.723372823
A400,17954.24946,1.124333464
A404,17850.97706,1.185014253
A406,17886.3512,1.564491681
A420,18786.72929,1.480719302
A421,18851.61373,1.446229995
A422,18786.76205,1.339673442
A423,18786.78389,1.212798203
A425,18930.38794,1.347111051
A427,18939.43486,1.486859752
A431,19045.33343,1.316713261
A432,19088.21482,1.425171714
A433,19045.34435,1.394610365
A434,19045.35527,1.374867481
A435,19045.42079,1.58528998
A436,19061.59276,1.314176349
A437,19130.85597,1.319356275
A438,19063.27984,1.393367171
A447,19120.74985,1.480314716
A450,19278.2273,1.531740499
A451,19120.76077,1.28291439
A452,19120.90273,1.37115922
A455,19232.5887,1.681843427
A457,19202.91461,1.739808406
A458,19202.95283,1.95313548
A46,4071.747103,0.911343103
A47,4071.676125,1.545977668
A526,3086.485267,1.752138622
A527,3086.086701,1.69378237
A528,3087.113146,1.899340479
A529,3090.596508,1.730317028
A530,4334.926566,0.81930739
A531,4402.246085,0.845572617
A569,18723.86498,1.127298468
A569,19135.1583,1.186555524
A572,18841.82974,1.223221081
A572,19138.95834,1.071373702
A574,19051.04985,1.261472577
A576,19532.69835,1.256758342
A576,19160.73754,1.235167886
A577,19532.63284,1.202650485
A577,19153.36679,1.241310738
A597,4352.589067,1.663268505
A620,4539.194624,1.421093047
A620,16642.63264,1.399141559
A623,4524.502262,1.12189371
A623,16631.70755,1.039844651
A630,16903.14771,1.593809929
A646,19050.67313,1.47482547
A647,18723.82676,1.543930831
A648,18723.67935,1.30462884
A650,18772.09153,1.334353277
A650,19160.62288,1.5137371
A656,18150.56803,0.984317389
A658,18150.6117,0.938662381
A659,18150.70452,1.028041824
A674,18297.6609,1.146902141
A675,18302.89686,1.181735225
A677,18375.01556,1.205683321
A679,18386.36106,1.055454053
A681,18428.43985,1.006849904
A682,18428.52721,0.996197049
A685,18390.90362,1.401656696
A72,18427.73553,1.438955605
A722,19087.08463,1.448386834
A733,19087.65791,1.296960586
A750,19157.05762,1.039491468
A752,19222.75558,1.591800453
A753,19199.0709,1.775152029
A754,19199.10912,1.789720901
A757,19199.04906,1.292547222
A761,19334.92748,1.88016859
A763,19322.20065,1.52889574
A770,19374.53297,1.35734928
A772,19377.31748,1.480712877
A779,19496.90381,0.937407689
A782,19560.18306,1.056604183
A784,19508.22746,1.063746562
A785,19508.1947,0.941099581
A793,19576.39871,0.955486585
A800,19573.44495,1.07826762
A804,19632.74946,1.12056088
A806,19632.70579,1.037137567
A807,19653.52406,1.07442671
A810,4779.950627,1.162669831
A811,4932.72717,1.343662693
A831,19050.88606,1.196727402
A833,19051.03348,1.345165531
A838,19140.22501,1.090806488
A856,4534.089697,1.151640759
A857,4534.095157,1.131144926
A868,4835.515164,1.145796676
A869,17857.50154,1.093015967
A872,4835.597061,1.074229433
A873,17847.65749,1.002825416
A888,16835.5006,1.335175475
A890,17118.43914,1.358791445
A954,18842.55044,1.310655952
A955,18830.63166,1.359409104
A958,19061.23241,1.671264591
A959,19050.91882,1.763399769
A960,19044.03399,1.690770458
A961,19044.04491,1.514231603
A962,19092.80106,1.858617827
A963,19044.05583,1.675682018
A979,19160.77576,1.401351976
A981,19167.85168,1.419201515
A983,19277.95431,1.47587295
A984,19153.37771,1.510614805
A985,19153.39409,1.219572306
A999,2766.043265,1.381337967
A1015,3055.812026,1.27531613
A1018,3070.793759,1.003658806
A1021,2998.019885,1.154333071
A1024,3049.189271,1.065602034
A1030,3322.180021,0.795730849
A1035,3346.754648,1.383551071
A1037,3350.942326,0.674334648
A1039,4073.90373,1.19429346
A1042,3230.72812,1.04820212
A1053,3461.590937,1.243056442
A1055,3459.794658,1.044169926
A1060,3966.76578,0.899929786
A1068,3905.517575,1.188563941
A1069,3912.942924,1.277053153
A1081,3964.505417,0.980229609
A1085,4002.609466,1.075160328
A1099,4188.363292,1.286146626
A110,2918.672393,1.127782396
A1101,4003.128148,1.118417005
A1102,4503.765885,0.9893062
A1105,4294.513015,1.166121589
A1124,4243.239892,0.762811679
A1125,4802.346788,0.781792926
A1135,4280.470371,0.994937005
A1136,4805.196811,0.902455073
A1137,4280.50859,1.038709933
A1138,4805.191352,0.882812874
A1143,4346.255682,1.059248252
A1144,4890.015037,1.067929744
A1157,4497.760088,0.746550269
A1158,4838.28875,0.721620164
A116,2939.332333,0.979322609
A1161,4485.082398,0.707746125
A1162,4838.490763,0.687389287
A118,2958.496284,1.218814086
A1187,4592.673512,0.726864977
A1188,17008.89887,0.935009513
A1197,4609.833711,0.800696103
A1198,17008.31467,1.087429596
A120,3051.56975,1.239236465
A1224,4780.381952,1.41346363
A1225,17076.42586,1.382792171
A1232,4835.411428,1.148278983
A1233,17244.65368,1.120691257
A1241,4889.026811,1.007581468
A1242,17144.30774,1.030599249
A1265,4772.104873,1.08899005
A1268,4877.615798,1.140164388
A1269,17175.4942,1.046314082
A1270,4877.621257,0.99122516
A1271,17210.9011,1.035938641
A1274,4877.768672,0.888296502
A1275,17216.07701,0.919905519
A1276,4877.763213,0.853830968
A1277,17215.76034,0.98079807
A1281,16974.03249,1.095282551
A1303,4938.143307,1.418357967
A1303,17441.90588,1.47660196
A1314,17163.2806,1.045797158
A1315,17162.95847,1.03831375
A1316,17170.64589,1.060387274
A1324,17091.27656,1.358360216
A1325,17144.74999,1.312306582
A1344,17321.86638,1.063863798
A1350,17293.49719,1.061799511
A1351,17293.39345,1.124255766
A1356,17288.67071,1.168152193
A1358,17298.82597,1.220422976
A1360,17353.1948,1.231888344
A14,3038.225962,0.772411747
A1420,17952.19111,1.193634214
A1425,17927.70384,1.155368435
A144,4244.823239,0.767315051
A1462,17978.37638,1.049014774
A17,3069.909269,0.768216974
A18,3069.931108,1.313386937
A186,16546.31058,1.441133311
A228,4409.933504,0.97294355
A229,4875.950554,1.040565818
A23,3069.729095,0.892077303
A234,4416.436144,0.969318922
A235,4875.901416,1.051079742
A241,4740.852892,1.134805528
A252,4577.800976,0.970248384
A253,4885.658105,0.906510882
A258,4632.541082,1.084720676
A259,17414.46485,1.130662591
A260,4642.701797,0.968061285
A261,17414.37749,0.982723281
A268,4915.277601,1.101643309
A269,17400.60238,1.260511044
A270,4876.698549,1.176879938
A271,17021.80041,1.014488738
A272,4875.890496,1.221574232
A273,17031.45882,1.104855675
A274,4915.272142,1.163110293
A275,17425.43362,1.136050145
A276,4875.895956,1.101822377
A277,17008.14541,1.092458997
A280,4925.307282,1.430575744
A29,3719.687312,0.796643704
A293,4889.818484,1.24055874
A294,17012.00004,1.180955909
A30,3725.196265,1.534566534
A307,4924.422792,1.176024062
A308,17092.05185,1.267819023
A309,4877.353726,1.239603385
A31,16590.87905,1.631559688
A310,17075.3339,1.336405054
A321,4948.839084,0.837691899
A322,17251.92615,0.862954171
A323,4937.351634,0.951210802
A324,17248.7267,0.898627786
A325,4937.400772,0.854133773
A326,17251.82788,0.893718453
A33,3732.545176,1.387097952
A330,4938.820324,1.309389801
A331,16892.03153,1.435461557
A332,16892.08067,1.499522849
A334,16892.04791,1.449718822
A349,17212.89394,1.541606776
A351,17219.41296,1.37906725
A353,17219.42934,1.234719188
A356,17234.40015,1.210179688
A357,17234.49843,1.251637489
A358,17234.64038,1.340401245
A367,17311.13239,1.33173114
A373,17323.05116,1.438069729
A404,17952.38766,1.405359616
A405,17886.31844,1.386260066
A42,4071.654286,0.76944645
A424,18943.5188,1.480298797
A426,18939.3748,1.35270116
A428,18939.44578,1.401674913
A429,19078.03772,1.198056876
A439,19063.32898,1.412349418
A440,19088.26941,1.429002113
A441,19063.36174,1.210453137
A442,19078.1087,1.566940677
A453,19125.71828,1.27161837
A454,19125.7292,1.544216676
A456,19202.89823,1.669096279
A459,19202.98013,1.875916759
A48,4071.687045,0.864966226
A50,4244.79048,1.379297875
A52,4244.768641,0.834767918
A528,4402.257004,1.901253765
A53,4244.757721,1.234913097
A54,4409.884366,1.610503517
A55,4417.817477,1.462749362
A570,18723.70665,1.219157513
A570,19138.97472,1.263476016
A571,18723.71757,1.167760925
A571,18789.95604,1.267332144
A575,19388.10061,1.28393137
A613,4352.610906,1.564385237
A643,19088.0674,1.742960855
A644,19088.0947,1.694611863
A645,19088.11654,1.496838346
A649,18772.08061,1.474263737
A660,18150.66084,1.062785246
A662,18297.69366,0.982108254
A670,18259.32754,1.016328494
A671,18274.66962,1.002819171
A672,18274.72968,1.07555685
A673,18274.7679,0.997588856
A684,18390.85994,1.311718034
A689,18465.88326,0.950809101
A690,18506.97929,1.139715138
A694,18548.30463,0.96184376
A723,19044.19779,1.533922225
A727,19044.15957,1.467506128
A728,19118.78978,1.004451933
A732,19099.2764,1.224164494
A735,19112.42909,1.746364494
A746,19161.26168,1.08250708
A751,19157.16136,1.035341942
A773,19496.81645,1.781386426
A783,19530.65092,1.003033058
A797,19645.15962,1.105472401
A798,19569.39377,0.976714217
A799,19569.41561,0.948104431
A801,19586.62495,0.954962506
A802,19632.80406,1.098135213
A803,19632.76038,1.001021791
A837,19167.81892,1.332585608
A965,19044.07767,1.499781365
A1000,2766.698442,1.164092328
A1009,3114.472279,0.790522213
A1011,3114.614234,0.633600849
A1012,3132.860936,0.70696372
A1013,3113.691525,0.626661461
A1022,2999.903521,1.025760496
A1029,3346.044872,0.702277803
A1031,3327.536099,0.795243684
A1051,3322.360195,1.221363942
A1071,3910.671641,1.127615232
A1072,3912.964763,1.15875698
A1080,3943.905535,1.03201609
A109,3464.686652,1.177258887
A109,2897.974234,1.130184392
A1097,4078.850322,1.246350696
A110,3464.664813,1.180549431
A112,3479.002287,1.233233253
A1139,4280.514049,0.87486841
A114,3070.782839,1.060528023
A1140,4842.924133,0.989901704
A1145,4346.184704,1.114863392
A1146,4805.213191,1.225149981
A1147,4482.898472,0.756442482
A1148,4885.554369,0.813953345
A115,2973.385199,0.980719439
A1152,4482.903932,0.634582515
A1153,4890.025957,0.630309189
A1159,4485.486424,0.752410841
A1160,4838.474384,0.687638896
A1163,4496.029327,1.120778149
A1164,4898.455911,1.147166191
A1165,4496.018407,0.935374892
A1166,4890.036877,0.959086399
A1167,4495.974729,1.000433046
A1168,4897.003601,1.03176759
A117,2973.336061,1.189526974
A1185,4615.730311,0.670421439
A1186,17031.54618,1.011307553
A1191,4593.568922,0.873501779
A1192,17022.62484,0.903722855
A120,3464.697572,0.824714814
A1202,4616.969689,1.039075031
A1203,17031.98843,1.025340664
A121,3055.844785,1.230136604
A1218,4706.679909,0.954016569
A1219,4835.580682,1.062386587
A122,3055.162308,1.154614146
A1222,4715.830559,0.99244325
A1223,17263.06418,1.108534093
A1226,4776.330769,1.119669857
A1227,17262.94952,1.087874754
A1228,4715.50843,0.803025964
A1229,17248.63935,0.797916531
A123,3055.255125,1.206535683
A1230,4835.422347,1.165820924
A1231,17248.59567,1.035787068
A124,3086.851075,1.320199085
A125,3098.081914,1.11408952
A1251,4889.392619,0.966254707
A1252,17199.87774,1.132813683
A126,4427.514108,0.802994274
A1263,4909.064332,0.943939021
A1267,4877.517521,1.02241196
A1283,4923.527382,1.204717583
A1284,4923.5929,1.191038441
A1285,4923.603819,1.009261497
A1289,4889.840323,1.118366859
A1290,4948.66437,1.198119464
A1291,17385.17294,1.267197222
A13,3038.236882,0.765242146
A1317,17170.70049,1.247946509
A1363,17347.79505,1.172912285
A1364,17348.09534,1.122677872
A1367,17363.32822,1.267124195
A1381,17421.81376,1.123244184
A1382,17421.71548,1.174232166
A1383,17421.68272,1.2863104
A1397,17527.42296,1.114248111
A1417,17523.8577,1.291516307
A1421,17927.29981,0.96973424
A1433,17979.4738,1.089643692
A1434,17978.9715,1.157639726
A1435,17979.22265,1.087907519
A1436,17981.92526,1.04174383
A1450,18080.6005,0.940897374
A147,4244.877837,1.106181571
A149,16552.26724,1.600349992
A15,3069.696336,1.226989167
A242,4549.491835,1.027843186
A243,4876.496535,1.105067128
A244,4555.956256,1.112084806
A245,4890.004118,1.114832972
A248,4574.557846,0.902361798
A249,4885.636266,0.947236071
A254,4639.240275,1.211021479
A255,17400.00726,1.062375557
A256,4632.530162,0.946152254
A257,17414.08812,1.032901133
A262,4642.761855,0.964858809
A263,17401.49233,0.968121404
A264,4635.806051,0.999541207
A265,17403.02108,1.032909946
A266,4875.841358,1.116032762
A267,17016.761,1.141167456
A28,3719.676392,1.353675706
A295,4923.538302,1.087757947
A296,17046.92648,1.137784643
A296,17022.13892,1.029603146
A297,4896.949002,1.260077127
A298,17011.86355,1.222493316
A319,4948.833624,0.872115692
A320,17251.84972,0.913764731
A329,16892.01515,1.679506314
A355,17234.17084,1.258120769
A366,17311.14877,1.261638797
A368,17311.16515,1.331107448
A369,17485.03296,1.307239251
A374,17485.01658,1.448931181
A386,17623.15536,1.500449243
A390,17486.114,1.243961995
A393,18014.91346,2.496267158
A397,17782.5492,1.420059814
A401,17938.49789,1.470691876
A402,17952.3549,1.407753761
A403,17952.40404,1.340845864
A41,4071.031867,1.196426767
A49,4244.801399,1.382384375
A51,4244.77956,1.451148694
A529,4402.267924,1.161645959
A56,4417.839316,0.903518209
A57,4646.632864,1.549248582
A60,4620.267417,1.500721734
A687,18468.16546,0.988196162
A688,18465.76861,0.992125438
A691,18506.93561,1.030734377
A693,18507.00113,0.983606385
A710,18844.48321,0.851097188
A724,19044.18687,1.514476218
A725,19054.79529,1.298553676
A726,19044.17049,1.356463912
A734,19130.4574,1.733947304
A736,19132.17179,1.88642576
A737,19066.33734,1.099342866
A741,19071.55146,0.986315202
A747,19157.51625,1.117555658
A749,19157.46711,1.070809261
A998,2814.198833,1.488013062
A645,19338.45452,1.402435451
A64,18812.19933,1.614421047
A1001,2768.84415,1.280712273
A1002,2784.295426,1.019176794
A1006,2784.055194,1.325783117
A1014,3055.801107,1.07531142
A1016,3466.706784,1.168228345
A1019,3004.331431,1.097013434
A1023,3049.20019,1.143512277
A1025,2847.476405,1.150345606
A1026,3480.492817,1.121904494
A1027,3496.708467,1.059856093
A1028,3480.416379,1.02885898
A103,18758.73136,1.360080777
A1041,3194.382131,1.085478823
A1046,3243.302074,1.151016116
A1047,3242.82161,1.321733484
A1048,3357.248413,1.159898367
A1049,3320.361902,1.203128415
A1050,3322.087204,1.069709837
A1052,3459.041204,1.091323771
A1054,3459.811037,0.955347031
A107,18766.27136,1.257805398
A1094,4074.597127,1.148919682
A1095,4073.952868,1.06825367
A1096,4074.356895,1.051121948
A1149,4450.428952,0.778832705
A1150,4480.141265,0.833081248
A1151,4896.954462,0.821780185
A1155,4496.165822,0.713442703
A1156,4889.829404,0.664993196
A1177,4681.652117,0.931822111
A1178,4701.667799,1.078752296
A1193,4605.771609,0.787232853
A1194,17017.26331,1.164963267
A1195,4605.809827,0.743438632
A1196,17034.75655,1.247698103
A1199,4616.134337,0.652031474
A12,19063.71117,1.391903609
A1200,4610.647223,0.660525894
A1201,17052.95412,0.932927276
A1204,4681.761314,0.846498639
A1205,17008.16725,0.973862811
A1208,4703.152869,0.882391589
A1209,17022.1826,0.948346863
A1214,4681.750394,1.028021266
A1215,17018.33343,1.101710122
A1216,4679.915896,1.121589162
A1217,17031.90653,1.082052169
A1234,4843.355458,1.162030505
A1235,17199.78492,1.143557263
A1236,4887.929388,1.172049693
A1237,17199.82314,1.203345688
A1238,4846.271,1.071456716
A1239,17210.983,1.089813887
A1240,4835.427807,1.0631831
A1243,4889.381699,1.198669706
A1244,17210.95024,1.116365789
A1247,4889.387159,1.277669476
A1248,17199.8559,1.270702192
A125,4427.039105,0.882611356
A1253,4902.381518,0.966889097
A1262,4908.938756,0.926473195
A1264,4908.993354,0.960231333
A1266,4772.088493,1.161388847
A1280,4878.522127,0.99002205
A129,4620.278337,0.796226173
A1299,4937.946753,1.494843918
A1300,17400.40582,1.394716533
A131,4427.093703,0.859001503
A1322,4944.711464,0.881714079
A1345,17426.20891,1.038368794
A1348,17402.92826,0.959879365
A1378,17425.47183,1.208616983
A1379,17425.48275,1.277724406
A1380,17422.04853,1.166475874
A1384,17426.12155,1.18472157
A1386,17426.09425,1.120283851
A1399,17528.6951,0.985550258
A1407,17665.4853,0.961575843
A1419,17911.83761,1.090439331
A1428,17911.85945,0.902955802
A1430,17911.94681,1.108940527
A1431,17936.6088,1.065699057
A1432,17937.91369,1.213527017
A145,4215.640527,1.263593868
A1453,17905.59159,1.070850887
A146,4620.305636,1.391460939
A148,4215.673286,0.812796303
A238,16668.43573,1.497094395
A239,16672.42139,1.540397361
A240,16672.49237,1.705493072
A241,16672.45961,1.656550311
A246,4583.981487,0.914647661
A247,4875.945094,1.0451174
A250,4577.626262,1.03133446
A251,4885.652645,1.067606634
A330,16767.47677,1.487762251
A371,17318.89625,1.275970848
A375,17486.14676,1.125627295
A383,17792.81911,1.545491961
A385,17623.33007,2.142027358
A39,4053.123674,2.173911564
A394,17627.56143,1.39753257
A395,18018.18935,2.291044749
A396,17627.46315,1.255551137
A40,4071.665206,2.458373994
A402,17824.18574,0.944436561
A403,17824.19666,1.053552723
A409,18671.71283,1.495542877
A43,4071.697965,1.460999434
A44,16554.41841,1.523550307
A45,16557.79257,1.63480632
A526,4353.211486,1.249311884
A527,4353.222406,1.234437923
A58,4646.643784,1.583678716
A6,19063.26892,1.559008605
A600,4244.866917,1.441672325
A61,17778.61813,1.728131395
A616,4495.849153,0.925989508
A618,4503.03427,1.393006131
A62,17778.60175,1.738567856
A663,18747.37494,1.03026989
A665,18747.38586,0.991487344
A666,18747.22207,0.985754687
A667,18747.20569,1.018608759
A668,18821.3063,0.925439465
A669,18747.26575,0.960795367
A692,18506.95745,1.02725069
A698,18644.41921,1.121051478
A699,18595.49927,1.186404327
A7,19063.29076,1.642779736
A705,18747.30943,0.977005004
A709,18826.646,0.798560548
A711,18830.81184,1.18396016
A713,18921.77235,1.42699662
A716,18851.63557,1.550061825
A738,19073.9647,0.995056224
A742,19066.35918,0.94859142
A744,19082.61305,1.012070631
A745,19082.58029,1.035214478
A8,19063.30168,1.682493808
A9,19063.31806,1.464576571
A997,2814.935908,1.605370682
A1,19061.46172,1.796348492
A10,19063.68387,1.804213797
A102,18755.6138,1.105750618
A1038,3281.258707,1.008600525
A104,18758.69314,1.019811475
A1044,3242.979944,1.167010724
A1045,3242.903507,1.206579085
A105,18760.59862,0.990513531
A1056,3459.226837,0.993598969
A1057,3461.574558,1.044496568
A106,18760.615,1.067745824
A11,19063.69479,1.622818749
A111,4215.689666,0.836003124
A1154,4452.86403,0.630428788
A1171,4550.425464,1.175710762
A1172,4555.86344,1.340487489
A1181,4761.441854,0.90531704
A1182,4730.746774,0.978201701
A1206,4673.719006,0.935934515
A1207,17016.82106,0.874601753
A121,4427.612385,0.806161999
A1210,4703.474998,0.823648157
A1211,17008.1072,0.78265578
A1212,4775.069552,0.888329748
A1213,17008.84427,0.785448972
A122,4439.967947,1.37796104
A124,4427.028185,1.427324645
A1249,4897.822573,1.300457096
A1250,17220.91441,1.256422328
A1254,4888.196919,0.861040699
A1255,4887.951227,0.912129806
A1257,4889.851243,0.961800586
A1258,4888.824798,0.929938529
A1261,4909.004274,0.940965184
A127,4620.294716,1.619052032
A1279,4902.365139,1.009185969
A128,4612.869368,1.539691414
A1289,16751.99273,1.068823161
A1320,4938.148766,1.017394233
A1321,4939.491881,0.860417211
A1323,4944.706004,0.962195624
A1346,17428.07071,0.933031708
A1347,17399.65783,1.005161082
A1349,17385.18386,1.157466765
A1371,17380.06801,0.960917205
A1374,17451.73354,0.947377404
A1375,17457.87038,0.882343933
A1376,17480.54499,1.00224866
A1377,17457.98503,0.902030504
A1385,17426.10517,1.247599002
A1387,17393.45548,1.143407909
A1391,17511.93346,0.932655468
A1392,17515.46051,0.995335009
A1393,17495.12269,1.003701072
A1395,17528.7497,0.955574737
A1395,17685.36449,0.816056166
A1398,17570.42446,0.945558349
A1400,17440.83029,0.968193629
A1404,17628.78989,0.968262835
A1410,17688.71681,1.006385574
A1416,17699.87122,1.210513243
A1426,17911.90313,1.07585624
A1427,17911.81578,0.980163826
A16,3069.707256,1.658352193
A2,19061.58184,1.468885006
A24,3083.515128,0.947541091
A365,17485.38784,1.165295143
A372,17493.87786,1.311781127
A382,17627.44131,1.491533108
A384,17623.36283,1.940334239
A392,17486.13038,1.130664068
A401,17813.61008,1.200743651
A405,17953.93279,2.3294198
A406,17956.6627,2.546552124
A408,18671.69645,1.267608853
A5,19062.57552,1.897327722
A532,4637.231063,1.473529838
A533,4612.880288,1.379043826
A550,18524.99122,1.341292605
A59,4646.616485,0.767405965
A615,4502.865015,1.503220064
A633,17666.58272,1.466263081
A664,18747.18931,1.05248068
A697,18737.54728,1.076316257
A700,18641.19246,1.190208701
A704,18947.77745,0.855033993
A706,18747.34219,0.933118825
A707,18747.36402,0.939269775
A708,18826.63508,0.895097599
A712,18921.72322,1.291019356
A714,18931.61094,1.286223848
A715,18921.70684,1.532524244
A739,19066.31004,0.911179462
A740,19066.13532,1.056595249
A1003,2784.945144,1.09208833
A1005,2813.123249,1.30239292
A1007,2829.999538,1.498770756
A1040,3177.423946,0.94978135
A1043,3236.346269,1.187958928
A1130,4476.570546,0.877807052
A1170,4558.953695,1.347958855
A1173,4558.931856,1.134226335
A1175,4559.193927,1.064428167
A1176,4549.393559,1.144305529
A1179,4681.526542,0.933867717
A1180,4761.387256,0.927380833
A1256,16921.93494,0.943290469
A1278,4896.894404,0.915760161
A130,4427.366693,0.874409895
A1373,17650.13776,0.819481688
A1388,17486.16314,0.775528153
A1389,17511.39294,0.961498507
A1390,17512.40847,0.946087131
A1396,17509.53661,0.963928399
A1402,17628.40224,0.949762765
A1403,17628.20569,0.850090603
A1405,17631.1922,0.992670781
A1406,17633.76924,0.819435178
A1408,17683.75384,0.85835027
A1411,17685.04782,0.907341731
A1413,17699.95857,1.003734297
A1415,17698.80655,1.148137
A1429,17911.92497,0.960807692
A32,4071.020948,2.449516858
A398,18243.70701,1.363219246
A399,18243.72339,1.262129399
A4,19061.60368,1.749769396
A549,18524.97484,1.382731487
A695,18624.55641,1.098300432
A696,18737.43808,1.126160261
A701,18645.8879,0.969781398
A702,18646.08446,0.912350735
A703,18706.12604,0.855863627
A717,18931.45261,1.779580034
A721,18950.46914,0.942899117
A1118,4499.086823,0.927912451
A1131,4496.160363,0.905667843
A1132,4498.781074,0.895756593
A1134,4496.127604,1.057845036
A1174,4559.587033,1.092948768
A1372,17477.91882,0.883969628
A1394,17564.96465,1.03370057
A1401,17631.57439,0.850984281
A1409,17671.98248,0.841181574
A1412,17780.81297,0.859894795
A1414,17698.76287,1.049089772
A1418,17898.0625,1.069595128
A1440,17915.91064,0.980607264
A3,19063.3399,1.444576218
A400,18250.4062,1.290726109
A718,18945.1076,1.017227669
A719,18947.74469,1.07173891
A720,18946.9148,1.009755759
A1004,2814.264351,1.306150795
A1133,4496.138523,1.00009849
A381,17627.49045,1.692137402
A391,17623.37921,1.665150642
